drawer-close-v2/MaxReturn,push-v2/EpisodeMeanGraspReward,reach-v2/MaxReturn,drawer-open-v2/EpisodeMeanMinGraspReward,peg-insert-side-v2/TerminationRate,Average/TerminationRate,door-open-v2/EpisodeMeanGraspReward,button-press-topdown-v2/StdReturn,Average/EpisodeMeanInPlaceReward,drawer-close-v2/EpisodeMeanInPlaceReward,pick-place-v2/NearObject,drawer-close-v2/TerminationRate,pick-place-v2/MinReward,window-close-v2/AverageDiscountedReturn,door-open-v2/EpisodeMeanInPlaceReward,button-press-topdown-v2/EpisodeMeanGraspReward,door-open-v2/AverageDiscountedReturn,Average/TrainAverageReturn,window-open-v2/NumEpisodes,window-open-v2/NearObject,window-close-v2/GraspSuccessRate,drawer-open-v2/EpisodeMeanGraspReward,reach-v2/NearObject,drawer-open-v2/MinReturn,reach-v2/EpisodeMeanMaxInPlaceReward,pick-place-v2/EpisodeMeanGraspReward,button-press-topdown-v2/GraspSuccessRate,peg-insert-side-v2/NumEpisodes,Average/EpisodeMeanMaxGraspReward,AlphaTemperature/mean,Average/EpisodeMeanMaxInPlaceReward,door-open-v2/StdReturn,door-open-v2/MinReturn,window-open-v2/EpisodeMeanMaxGraspReward,drawer-close-v2/GraspSuccessRate,pick-place-v2/MinReturn,button-press-topdown-v2/EpisodeMeanInPlaceReward,push-v2/NumEpisodes,peg-insert-side-v2/MinReturn,button-press-topdown-v2/SuccessRate,drawer-open-v2/GraspSuccessRate,push-v2/Iteration,door-open-v2/NumEpisodes,drawer-close-v2/EpisodeMeanMaxGraspReward,button-press-topdown-v2/EpisodeMeanMaxGraspReward,peg-insert-side-v2/StdReturn,window-close-v2/EpisodeMeanMaxInPlaceReward,reach-v2/EpisodeMeanInPlaceReward,reach-v2/SuccessRate,window-open-v2/EpisodeMeanGraspReward,peg-insert-side-v2/SuccessRate,peg-insert-side-v2/EpisodeMeanMaxInPlaceReward,window-close-v2/NearObject,window-close-v2/EpisodeMeanMinGraspReward,window-open-v2/MinReturn,pick-place-v2/StdReturn,ReplayBuffer/buffer_size,window-close-v2/MinReturn,push-v2/EpisodeMeanMaxInPlaceReward,drawer-close-v2/AverageReturn,Average/StdReturn,button-press-topdown-v2/EpisodeMeanMinInPlaceReward,window-close-v2/EpisodeMeanMaxGraspReward,pick-place-v2/EpisodeMeanMaxGraspReward,drawer-close-v2/NumEpisodes,window-open-v2/EpisodeMeanInPlaceReward,peg-insert-side-v2/MaxReward,pick-place-v2/MaxReturn,TotalEnvSteps,door-open-v2/NearObject,peg-insert-side-v2/EpisodeMeanInPlaceReward,drawer-open-v2/EpisodeMeanMinInPlaceReward,peg-insert-side-v2/EpisodeMeanGraspReward,drawer-open-v2/MaxReward,window-close-v2/EpisodeMeanGraspReward,button-press-topdown-v2/MinReturn,drawer-close-v2/MaxReward,push-v2/EpisodeMeanInPlaceReward,push-v2/EpisodeMeanMaxGraspReward,drawer-close-v2/NearObject,reach-v2/MinReturn,push-v2/NearObject,Average/MaxReward,window-close-v2/EpisodeMeanMinInPlaceReward,Average/EpisodeMeanMinGraspReward,button-press-topdown-v2/MinReward,QF/Qf1Loss,push-v2/EpisodeMeanMinInPlaceReward,drawer-close-v2/AverageDiscountedReturn,push-v2/AverageReturn,drawer-close-v2/EpisodeMeanGraspReward,button-press-topdown-v2/NumEpisodes,window-open-v2/SuccessRate,button-press-topdown-v2/EpisodeMeanMaxInPlaceReward,peg-insert-side-v2/NearObject,drawer-open-v2/SuccessRate,window-close-v2/MaxReward,button-press-topdown-v2/TerminationRate,door-open-v2/EpisodeMeanMinInPlaceReward,drawer-open-v2/AverageReturn,button-press-topdown-v2/EpisodeMeanMinGraspReward,window-open-v2/EpisodeMeanMinGraspReward,pick-place-v2/AverageDiscountedReturn,drawer-open-v2/NumEpisodes,pick-place-v2/AverageReturn,drawer-open-v2/StdReturn,Average/AverageDiscountedReturn,Average/Iteration,window-close-v2/Iteration,drawer-close-v2/MinReturn,push-v2/MaxReward,drawer-open-v2/EpisodeMeanMaxGraspReward,push-v2/AverageDiscountedReturn,push-v2/StdReturn,Average/EpisodeMeanGraspReward,peg-insert-side-v2/Iteration,door-open-v2/AverageReturn,window-close-v2/MinReward,peg-insert-side-v2/AverageDiscountedReturn,window-open-v2/Iteration,window-open-v2/AverageDiscountedReturn,Average/MinReturn,window-open-v2/TerminationRate,drawer-close-v2/EpisodeMeanMaxInPlaceReward,push-v2/SuccessRate,Average/MinReward,reach-v2/AverageReturn,reach-v2/TerminationRate,drawer-open-v2/Iteration,window-open-v2/AverageReturn,reach-v2/EpisodeMeanGraspReward,pick-place-v2/NumEpisodes,pick-place-v2/EpisodeMeanInPlaceReward,button-press-topdown-v2/AverageReturn,reach-v2/Iteration,pick-place-v2/SuccessRate,peg-insert-side-v2/MaxReturn,window-open-v2/MaxReward,Average/NearObject,window-close-v2/SuccessRate,window-open-v2/MaxReturn,push-v2/GraspSuccessRate,window-open-v2/MinReward,pick-place-v2/GraspSuccessRate,window-open-v2/GraspSuccessRate,button-press-topdown-v2/MaxReturn,peg-insert-side-v2/EpisodeMeanMaxGraspReward,Average/AverageReturn,reach-v2/EpisodeMeanMinGraspReward,door-open-v2/Iteration,window-close-v2/StdReturn,window-open-v2/EpisodeMeanMinInPlaceReward,drawer-close-v2/EpisodeMeanMinGraspReward,reach-v2/EpisodeMeanMaxGraspReward,button-press-topdown-v2/NearObject,window-close-v2/AverageReturn,push-v2/TerminationRate,window-close-v2/MaxReturn,pick-place-v2/Iteration,Average/EpisodeMeanMinInPlaceReward,pick-place-v2/EpisodeMeanMinInPlaceReward,reach-v2/AverageDiscountedReturn,drawer-open-v2/MaxReturn,drawer-open-v2/TerminationRate,reach-v2/NumEpisodes,window-open-v2/StdReturn,pick-place-v2/EpisodeMeanMinGraspReward,door-open-v2/EpisodeMeanMaxGraspReward,drawer-open-v2/NearObject,drawer-close-v2/EpisodeMeanMinInPlaceReward,peg-insert-side-v2/EpisodeMeanMinInPlaceReward,reach-v2/MinReward,door-open-v2/SuccessRate,button-press-topdown-v2/Iteration,reach-v2/EpisodeMeanMinInPlaceReward,door-open-v2/EpisodeMeanMinGraspReward,Average/SuccessRate,reach-v2/StdReturn,peg-insert-side-v2/MinReward,push-v2/MinReward,door-open-v2/MaxReturn,peg-insert-side-v2/AverageReturn,button-press-topdown-v2/MaxReward,pick-place-v2/MaxReward,window-close-v2/EpisodeMeanInPlaceReward,drawer-close-v2/StdReturn,drawer-open-v2/EpisodeMeanMaxInPlaceReward,pick-place-v2/TerminationRate,door-open-v2/EpisodeMeanMaxInPlaceReward,push-v2/MaxReturn,push-v2/EpisodeMeanMinGraspReward,door-open-v2/GraspSuccessRate,button-press-topdown-v2/AverageDiscountedReturn,Average/NumEpisodes,window-close-v2/NumEpisodes,window-close-v2/TerminationRate,peg-insert-side-v2/EpisodeMeanMinGraspReward,peg-insert-side-v2/GraspSuccessRate,QF/Qf2Loss,push-v2/MinReturn,drawer-close-v2/Iteration,pick-place-v2/EpisodeMeanMaxInPlaceReward,Policy/Loss,reach-v2/MaxReward,drawer-close-v2/SuccessRate,Average/GraspSuccessRate,drawer-open-v2/EpisodeMeanInPlaceReward,door-open-v2/TerminationRate,window-open-v2/EpisodeMeanMaxInPlaceReward,drawer-open-v2/MinReward,door-open-v2/MinReward,reach-v2/GraspSuccessRate,Average/MaxReturn,drawer-open-v2/AverageDiscountedReturn,drawer-close-v2/MinReward,door-open-v2/MaxReward
0.0,0.027741269495536246,934.6725214988098,0.10753259844822267,0.0,0.0,0.4885160332843661,0.0,0.1316748774774243,0.32346326623450655,0.0,0.0,0.009690982852339452,57.57508615157568,0.03659146795813685,0.11369634991172375,55.77116388750515,169.08092096492288,5,0.0,1.0,0.17551948304642118,1.0,772.0086547932356,0.2547228442582433,0.027225336695985414,1.0,5,0.17687282496992432,0.9996501207351685,0.15306648973742526,0.009013178855508926,272.3551946083212,0.18903388678527222,1.0,11.446703899903593,0.11042195413122127,5,8.216000090068183,0.0,1.0,1,5,0.0,0.12279157639381968,4.771934312887732e-05,0.1,0.1869329827314542,0.0,0.14902392787919913,0.0,0.05598634364255588,0.0,0.09926797678095403,234.60042825401635,0.006860544660702859,5000,331.75820124999524,0.1738108365759125,0.0,322.1175988981747,0.11042195413122127,0.25700316692912706,0.05451386530633072,5,0.06476683937823836,0.019150285247031034,11.46406176837926,5000,1.0,0.054925439278936214,0.13328890369876714,0.023095715107518594,2.0194262324366896,0.17251504509596335,0.0,0.0,0.17366355595179014,0.05110898914506976,0.0,934.6507905880452,0.0,2.547275547825751,0.1,0.11704274931379115,0.0,9.075632095336914,0.1735557394917929,0.0,27.741269495536244,0.0,5,0.0,0.11042195413122127,0.0,0.0,0.7757901244612231,0.0,0.03659146795813686,772.0209668629708,0.10353547837938024,0.09996659299450797,2.3499072098898575,5,11.450344651206198,0.024619428124657835,44.5469001264217,1,1,0.0,0.10223745199824087,0.27056203499428094,5.297174459562854,0.002346055937265312,0.14380251769097405,1,272.3597022223402,0.5242666669027172,1.550457152170928,1,43.32445583206235,0.0,0.0,0.4680821560665013,0.0,0.0,934.6649136572707,0.0,1,234.60096514718265,0.26069201639302647,5,0.13269436541119234,0.0,1,0.0,8.216119398023231,0.5068466302145148,0.2,0.0,234.60311196019956,0.0,0.409109261377124,0.0,1.0,0.0,0.0285599269074562,259.28199189832327,0.22010535609211562,1,0.015061478597024518,0.06476683937823838,0.0,0.30656839384791423,0.0,331.76573298738793,0.0,331.7958559445644,1,0.10362972597924534,0.13266206325283186,149.61686998330302,772.0702057191601,0.0,5,0.0010734065129164253,0.010358576325082872,0.48858640938997266,0.0,0.09995482934651718,0.054440765873356486,1.3061448296068816,0.0,1,0.13061469666159148,0.48842257503420117,0.0,0.007623137759753573,0.012789641394594738,0.04374684186274026,272.3777285800202,8.216023959337488,0.0,0.04020140992728932,0.1,0.0,0.13328890369876714,0.0,0.03659146795813686,27.744794943682077,0.024835346685929405,0.0,0.0,50,5,0.0,0.01640299239751759,0.0,8.87513542175293,27.738504417074772,1,0.13299355166467602,-2.685173511505127,2.547275547825751,0.0,0.6,0.13328890369876717,0.0,0.06476683937823838,1.2040962965444533,0.523358110538421,1.0,934.6725214988098,129.98388658814713,0.0,0.5751712393298843
,,,,,,,,,,,,,,,,,357.3207565257818,,,,,,,,,,,,0.9991915822029114,,,,,,,,,,,,,,,,,,,,,,,,,,,10000,,,,,,,,,,,,10000,,,,,,,,,,,,,,,,,,13.691081047058105,,,,,,,,,,,,,,,,,,,,,,,,,,,,,,,,,,,,,,,,,,,,,,,,,,,,,,,,,,,,,,,,,,,,,,,,,,,,,,,,,,,,,,,,,,,,,,,,,,,,,,,,,,,,,,,,13.448030471801758,,,,-2.7346200942993164,,,,,,,,,,,,,
,,,,,,,,,,,,,,,,,354.0182168557187,,,,,,,,,,,,0.99871826171875,,,,,,,,,,,,,,,,,,,,,,,,,,,15000,,,,,,,,,,,,15000,,,,,,,,,,,,,,,,,,13.653986930847168,,,,,,,,,,,,,,,,,,,,,,,,,,,,,,,,,,,,,,,,,,,,,,,,,,,,,,,,,,,,,,,,,,,,,,,,,,,,,,,,,,,,,,,,,,,,,,,,,,,,,,,,,,,,,,,,13.388254165649414,,,,-2.7911524772644043,,,,,,,,,,,,,
,,,,,,,,,,,,,,,,,390.3044497499819,,,,,,,,,,,,0.9982391595840454,,,,,,,,,,,,,,,,,,,,,,,,,,,20000,,,,,,,,,,,,20000,,,,,,,,,,,,,,,,,,15.60113525390625,,,,,,,,,,,,,,,,,,,,,,,,,,,,,,,,,,,,,,,,,,,,,,,,,,,,,,,,,,,,,,,,,,,,,,,,,,,,,,,,,,,,,,,,,,,,,,,,,,,,,,,,,,,,,,,,15.297551155090332,,,,-2.8339314460754395,,,,,,,,,,,,,
,,,,,,,,,,,,,,,,,367.9470222041776,,,,,,,,,,,,0.9977557063102722,,,,,,,,,,,,,,,,,,,,,,,,,,,25000,,,,,,,,,,,,25000,,,,,,,,,,,,,,,,,,13.261197090148926,,,,,,,,,,,,,,,,,,,,,,,,,,,,,,,,,,,,,,,,,,,,,,,,,,,,,,,,,,,,,,,,,,,,,,,,,,,,,,,,,,,,,,,,,,,,,,,,,,,,,,,,,,,,,,,,12.942556381225586,,,,-2.9069740772247314,,,,,,,,,,,,,
,,,,,,,,,,,,,,,,,421.02598699756453,,,,,,,,,,,,0.997270941734314,,,,,,,,,,,,,,,,,,,,,,,,,,,30000,,,,,,,,,,,,30000,,,,,,,,,,,,,,,,,,14.644922256469727,,,,,,,,,,,,,,,,,,,,,,,,,,,,,,,,,,,,,,,,,,,,,,,,,,,,,,,,,,,,,,,,,,,,,,,,,,,,,,,,,,,,,,,,,,,,,,,,,,,,,,,,,,,,,,,,14.279451370239258,,,,-2.954983949661255,,,,,,,,,,,,,
,,,,,,,,,,,,,,,,,460.31629467605313,,,,,,,,,,,,0.9967855215072632,,,,,,,,,,,,,,,,,,,,,,,,,,,35000,,,,,,,,,,,,35000,,,,,,,,,,,,,,,,,,15.60362434387207,,,,,,,,,,,,,,,,,,,,,,,,,,,,,,,,,,,,,,,,,,,,,,,,,,,,,,,,,,,,,,,,,,,,,,,,,,,,,,,,,,,,,,,,,,,,,,,,,,,,,,,,,,,,,,,,15.192716598510742,,,,-3.0020742416381836,,,,,,,,,,,,,
,,,,,,,,,,,,,,,,,435.27082404942007,,,,,,,,,,,,0.9962984919548035,,,,,,,,,,,,,,,,,,,,,,,,,,,40000,,,,,,,,,,,,40000,,,,,,,,,,,,,,,,,,14.606884956359863,,,,,,,,,,,,,,,,,,,,,,,,,,,,,,,,,,,,,,,,,,,,,,,,,,,,,,,,,,,,,,,,,,,,,,,,,,,,,,,,,,,,,,,,,,,,,,,,,,,,,,,,,,,,,,,,14.158872604370117,,,,-3.05185604095459,,,,,,,,,,,,,
,,,,,,,,,,,,,,,,,413.5721254688099,,,,,,,,,,,,0.9958105087280273,,,,,,,,,,,,,,,,,,,,,,,,,,,45000,,,,,,,,,,,,45000,,,,,,,,,,,,,,,,,,13.882779121398926,,,,,,,,,,,,,,,,,,,,,,,,,,,,,,,,,,,,,,,,,,,,,,,,,,,,,,,,,,,,,,,,,,,,,,,,,,,,,,,,,,,,,,,,,,,,,,,,,,,,,,,,,,,,,,,,13.406201362609863,,,,-3.112525463104248,,,,,,,,,,,,,
,,,,,,,,,,,,,,,,,391.6016663292902,,,,,,,,,,,,0.9953218698501587,,,,,,,,,,,,,,,,,,,,,,,,,,,50000,,,,,,,,,,,,50000,,,,,,,,,,,,,,,,,,13.507548332214355,,,,,,,,,,,,,,,,,,,,,,,,,,,,,,,,,,,,,,,,,,,,,,,,,,,,,,,,,,,,,,,,,,,,,,,,,,,,,,,,,,,,,,,,,,,,,,,,,,,,,,,,,,,,,,,,12.968884468078613,,,,-3.166987180709839,,,,,,,,,,,,,
,,,,,,,,,,,,,,,,,376.03833425394737,,,,,,,,,,,,0.9948325157165527,,,,,,,,,,,,,,,,,,,,,,,,,,,55000,,,,,,,,,,,,55000,,,,,,,,,,,,,,,,,,11.237001419067383,,,,,,,,,,,,,,,,,,,,,,,,,,,,,,,,,,,,,,,,,,,,,,,,,,,,,,,,,,,,,,,,,,,,,,,,,,,,,,,,,,,,,,,,,,,,,,,,,,,,,,,,,,,,,,,,10.692117691040039,,,,-3.2386364936828613,,,,,,,,,,,,,
,,,,,,,,,,,,,,,,,366.9902441214137,,,,,,,,,,,,0.994343101978302,,,,,,,,,,,,,,,,,,,,,,,,,,,60000,,,,,,,,,,,,60000,,,,,,,,,,,,,,,,,,10.847819328308105,,,,,,,,,,,,,,,,,,,,,,,,,,,,,,,,,,,,,,,,,,,,,,,,,,,,,,,,,,,,,,,,,,,,,,,,,,,,,,,,,,,,,,,,,,,,,,,,,,,,,,,,,,,,,,,,10.261369705200195,,,,-3.2905914783477783,,,,,,,,,,,,,
,,,,,,,,,,,,,,,,,364.5461082104779,,,,,,,,,,,,0.9938532114028931,,,,,,,,,,,,,,,,,,,,,,,,,,,65000,,,,,,,,,,,,65000,,,,,,,,,,,,,,,,,,9.738784790039062,,,,,,,,,,,,,,,,,,,,,,,,,,,,,,,,,,,,,,,,,,,,,,,,,,,,,,,,,,,,,,,,,,,,,,,,,,,,,,,,,,,,,,,,,,,,,,,,,,,,,,,,,,,,,,,,9.126596450805664,,,,-3.368298053741455,,,,,,,,,,,,,
,,,,,,,,,,,,,,,,,384.7786429697231,,,,,,,,,,,,0.9933632016181946,,,,,,,,,,,,,,,,,,,,,,,,,,,70000,,,,,,,,,,,,70000,,,,,,,,,,,,,,,,,,10.305514335632324,,,,,,,,,,,,,,,,,,,,,,,,,,,,,,,,,,,,,,,,,,,,,,,,,,,,,,,,,,,,,,,,,,,,,,,,,,,,,,,,,,,,,,,,,,,,,,,,,,,,,,,,,,,,,,,,9.64195728302002,,,,-3.4574153423309326,,,,,,,,,,,,,
,,,,,,,,,,,,,,,,,375.20296317831054,,,,,,,,,,,,0.9928730726242065,,,,,,,,,,,,,,,,,,,,,,,,,,,75000,,,,,,,,,,,,75000,,,,,,,,,,,,,,,,,,10.623556137084961,,,,,,,,,,,,,,,,,,,,,,,,,,,,,,,,,,,,,,,,,,,,,,,,,,,,,,,,,,,,,,,,,,,,,,,,,,,,,,,,,,,,,,,,,,,,,,,,,,,,,,,,,,,,,,,,9.906765937805176,,,,-3.525927782058716,,,,,,,,,,,,,
,,,,,,,,,,,,,,,,,363.77607995755,,,,,,,,,,,,0.992382824420929,,,,,,,,,,,,,,,,,,,,,,,,,,,80000,,,,,,,,,,,,80000,,,,,,,,,,,,,,,,,,9.427652359008789,,,,,,,,,,,,,,,,,,,,,,,,,,,,,,,,,,,,,,,,,,,,,,,,,,,,,,,,,,,,,,,,,,,,,,,,,,,,,,,,,,,,,,,,,,,,,,,,,,,,,,,,,,,,,,,,8.692407608032227,,,,-3.632666826248169,,,,,,,,,,,,,
,,,,,,,,,,,,,,,,,355.3012524224053,,,,,,,,,,,,0.9918924570083618,,,,,,,,,,,,,,,,,,,,,,,,,,,85000,,,,,,,,,,,,85000,,,,,,,,,,,,,,,,,,8.29063606262207,,,,,,,,,,,,,,,,,,,,,,,,,,,,,,,,,,,,,,,,,,,,,,,,,,,,,,,,,,,,,,,,,,,,,,,,,,,,,,,,,,,,,,,,,,,,,,,,,,,,,,,,,,,,,,,,7.548521518707275,,,,-3.7352848052978516,,,,,,,,,,,,,
,,,,,,,,,,,,,,,,,346.0217789046635,,,,,,,,,,,,0.9914021492004395,,,,,,,,,,,,,,,,,,,,,,,,,,,90000,,,,,,,,,,,,90000,,,,,,,,,,,,,,,,,,8.095964431762695,,,,,,,,,,,,,,,,,,,,,,,,,,,,,,,,,,,,,,,,,,,,,,,,,,,,,,,,,,,,,,,,,,,,,,,,,,,,,,,,,,,,,,,,,,,,,,,,,,,,,,,,,,,,,,,,7.314398765563965,,,,-3.840766191482544,,,,,,,,,,,,,
,,,,,,,,,,,,,,,,,338.0015909549961,,,,,,,,,,,,0.9909118413925171,,,,,,,,,,,,,,,,,,,,,,,,,,,95000,,,,,,,,,,,,95000,,,,,,,,,,,,,,,,,,7.843110084533691,,,,,,,,,,,,,,,,,,,,,,,,,,,,,,,,,,,,,,,,,,,,,,,,,,,,,,,,,,,,,,,,,,,,,,,,,,,,,,,,,,,,,,,,,,,,,,,,,,,,,,,,,,,,,,,,7.038684844970703,,,,-3.9697883129119873,,,,,,,,,,,,,
,,,,,,,,,,,,,,,,,331.9770180419281,,,,,,,,,,,,0.9904215931892395,,,,,,,,,,,,,,,,,,,,,,,,,,,100000,,,,,,,,,,,,100000,,,,,,,,,,,,,,,,,,6.741497993469238,,,,,,,,,,,,,,,,,,,,,,,,,,,,,,,,,,,,,,,,,,,,,,,,,,,,,,,,,,,,,,,,,,,,,,,,,,,,,,,,,,,,,,,,,,,,,,,,,,,,,,,,,,,,,,,,5.9541215896606445,,,,-4.096080303192139,,,,,,,,,,,,,
,,,,,,,,,,,,,,,,,325.35031785721947,,,,,,,,,,,,0.9899312257766724,,,,,,,,,,,,,,,,,,,,,,,,,,,105000,,,,,,,,,,,,105000,,,,,,,,,,,,,,,,,,6.449090480804443,,,,,,,,,,,,,,,,,,,,,,,,,,,,,,,,,,,,,,,,,,,,,,,,,,,,,,,,,,,,,,,,,,,,,,,,,,,,,,,,,,,,,,,,,,,,,,,,,,,,,,,,,,,,,,,,5.641230583190918,,,,-4.234588146209717,,,,,,,,,,,,,
,,,,,,,,,,,,,,,,,320.5375718523799,,,,,,,,,,,,0.9894410967826843,,,,,,,,,,,,,,,,,,,,,,,,,,,110000,,,,,,,,,,,,110000,,,,,,,,,,,,,,,,,,5.0792036056518555,,,,,,,,,,,,,,,,,,,,,,,,,,,,,,,,,,,,,,,,,,,,,,,,,,,,,,,,,,,,,,,,,,,,,,,,,,,,,,,,,,,,,,,,,,,,,,,,,,,,,,,,,,,,,,,,4.313637733459473,,,,-4.3811140060424805,,,,,,,,,,,,,
,,,,,,,,,,,,,,,,,314.6223089730222,,,,,,,,,,,,0.9889512062072754,,,,,,,,,,,,,,,,,,,,,,,,,,,115000,,,,,,,,,,,,115000,,,,,,,,,,,,,,,,,,4.608253479003906,,,,,,,,,,,,,,,,,,,,,,,,,,,,,,,,,,,,,,,,,,,,,,,,,,,,,,,,,,,,,,,,,,,,,,,,,,,,,,,,,,,,,,,,,,,,,,,,,,,,,,,,,,,,,,,,3.87821888923645,,,,-4.533841609954834,,,,,,,,,,,,,
,,,,,,,,,,,,,,,,,310.55777351104484,,,,,,,,,,,,0.9884613156318665,,,,,,,,,,,,,,,,,,,,,,,,,,,120000,,,,,,,,,,,,120000,,,,,,,,,,,,,,,,,,4.620916843414307,,,,,,,,,,,,,,,,,,,,,,,,,,,,,,,,,,,,,,,,,,,,,,,,,,,,,,,,,,,,,,,,,,,,,,,,,,,,,,,,,,,,,,,,,,,,,,,,,,,,,,,,,,,,,,,,3.9182543754577637,,,,-4.729737758636475,,,,,,,,,,,,,
,,,,,,,,,,,,,,,,,307.6376144705153,,,,,,,,,,,,0.9879716038703918,,,,,,,,,,,,,,,,,,,,,,,,,,,125000,,,,,,,,,,,,125000,,,,,,,,,,,,,,,,,,3.530012607574463,,,,,,,,,,,,,,,,,,,,,,,,,,,,,,,,,,,,,,,,,,,,,,,,,,,,,,,,,,,,,,,,,,,,,,,,,,,,,,,,,,,,,,,,,,,,,,,,,,,,,,,,,,,,,,,,2.912416458129883,,,,-4.869426727294922,,,,,,,,,,,,,
0.0,0.012297941513062854,486.8511360961303,0.04234611914132676,0.0,0.0,0.49912511856027414,1.5048397124442997e-05,0.10077080150846893,0.10398810645548832,0.0,0.0,1.125096310716985e-08,52.087672167925064,0.03659146795813685,0.10857032193588263,63.96635047903762,304.55447474564943,5,0.0,1.0,0.06870079329828302,1.0,504.945324948838,0.13207932815092138,0.007886992691210865,1.0,5,0.14294745703502992,0.9874820709228516,0.1044095031879263,0.011884113866047605,327.2595224521612,0.10234680820690993,1.0,3.5746346915756626,0.11042195413122127,5,5.32878814464272,0.0,1.0,26,5,0.0,0.11093291718528786,1.7867311764750162e-05,0.1,0.09736688939902773,0.0,0.0903558033575138,0.0,0.05598634364255588,0.0,0.08131583269619307,195.47194154703973,0.00039390759360564346,130000,257.1420481492839,0.17381083657591218,0.0,195.4904642472016,0.11042195413122127,0.10105989791541699,0.02626785572926783,5,0.06476683937823836,0.01309377767136774,3.5756682941868227,130000,1.0,0.054925439278936214,0.13328890369876714,0.013103436360341397,1.2163565320066454,0.09590910575358666,0.08045132769856266,0.0,0.17366390149105612,0.026373500436316304,0.0,486.77829684460835,0.0,1.3208436286879306,0.1,0.11182917397171988,0.0,2.739654302597046,0.17355582327002933,0.0,12.297941513062856,0.0,5,0.0,0.11042195413122127,0.0,0.0,0.5292415027496664,0.0,0.03659146795813686,504.9742424926255,0.10354319420535336,0.07118463338680196,1.5272927688262374,5,3.575420704363953,0.014458771923546337,39.34628604212098,26,26,0.0,0.05275210811289932,0.10998205783752876,3.8269909862385925,0.0027710371277942336,0.1254974226402064,26,327.28329067983924,0.4695247053667507,1.1940298742777253,26,40.47156615670094,0.0,0.0,0.1041558066788342,0.0,0.0,486.8344469951385,0.0,26,195.47271165311287,0.3590247129319088,5,0.13269451329381746,0.0804814244921975,26,0.0,5.3288328178510955,0.41304387504945,0.2,0.0,195.47579098583412,0.0,0.3510234394269416,0.0,1.0,0.08048895065276448,0.01680370598671029,179.29968580592612,0.30492687545891467,26,0.00372528404623923,0.06476683937823838,0.0,0.4362648126443995,0.0,257.1494987173603,0.0,257.15136183282306,26,0.0967985967351348,0.1326620632528313,119.3389793313944,504.98147367580486,0.0,5,0.0015396663670746678,2.1272186418820457e-08,0.4994430144084617,0.0,0.1000936508702214,0.054440765873356486,0.621600196394517,0.0,26,0.06216449891854583,0.4988891582470387,0.0,0.028120552379394544,0.008442290981053166,0.012417127393639345,327.28923428958046,5.3288238792658875,0.005960730348788444,0.022427434443414936,0.1,0.0,0.13328890369876714,0.0,0.03659146795813686,12.301571469584143,0.006208976033557785,0.0,0.0694412716479181,50,5,0.0,0.009876929275826042,0.0,2.208256244659424,12.293274157072883,26,0.13299355166467602,-5.073428630828857,1.3208436286879306,0.0,0.6,0.13328890369876717,0.0,0.06476683937823838,0.8781494009652557,0.568857002355121,1.0,504.98147367580486,110.98053738516133,0.0,0.7218407638203543
,,,,,,,,,,,,,,,,,301.1436573405219,,,,,,,,,,,,0.9869927167892456,,,,,,,,,,,,,,,,,,,,,,,,,,,135000,,,,,,,,,,,,135000,,,,,,,,,,,,,,,,,,2.909641742706299,,,,,,,,,,,,,,,,,,,,,,,,,,,,,,,,,,,,,,,,,,,,,,,,,,,,,,,,,,,,,,,,,,,,,,,,,,,,,,,,,,,,,,,,,,,,,,,,,,,,,,,,,,,,,,,,2.437631130218506,,,,-5.275931358337402,,,,,,,,,,,,,
,,,,,,,,,,,,,,,,,300.41971114101165,,,,,,,,,,,,0.9865036010742188,,,,,,,,,,,,,,,,,,,,,,,,,,,140000,,,,,,,,,,,,140000,,,,,,,,,,,,,,,,,,2.5242748260498047,,,,,,,,,,,,,,,,,,,,,,,,,,,,,,,,,,,,,,,,,,,,,,,,,,,,,,,,,,,,,,,,,,,,,,,,,,,,,,,,,,,,,,,,,,,,,,,,,,,,,,,,,,,,,,,,2.1454410552978516,,,,-5.471368312835693,,,,,,,,,,,,,
,,,,,,,,,,,,,,,,,297.64976445830854,,,,,,,,,,,,0.9860146641731262,,,,,,,,,,,,,,,,,,,,,,,,,,,145000,,,,,,,,,,,,145000,,,,,,,,,,,,,,,,,,1.9281584024429321,,,,,,,,,,,,,,,,,,,,,,,,,,,,,,,,,,,,,,,,,,,,,,,,,,,,,,,,,,,,,,,,,,,,,,,,,,,,,,,,,,,,,,,,,,,,,,,,,,,,,,,,,,,,,,,,1.6854393482208252,,,,-5.67032527923584,,,,,,,,,,,,,
,,,,,,,,,,,,,,,,,296.43356306084496,,,,,,,,,,,,0.9855257868766785,,,,,,,,,,,,,,,,,,,,,,,,,,,150000,,,,,,,,,,,,150000,,,,,,,,,,,,,,,,,,1.5966202020645142,,,,,,,,,,,,,,,,,,,,,,,,,,,,,,,,,,,,,,,,,,,,,,,,,,,,,,,,,,,,,,,,,,,,,,,,,,,,,,,,,,,,,,,,,,,,,,,,,,,,,,,,,,,,,,,,1.485046148300171,,,,-5.896535873413086,,,,,,,,,,,,,
,,,,,,,,,,,,,,,,,297.22744416642155,,,,,,,,,,,,0.9850371479988098,,,,,,,,,,,,,,,,,,,,,,,,,,,155000,,,,,,,,,,,,155000,,,,,,,,,,,,,,,,,,1.7064507007598877,,,,,,,,,,,,,,,,,,,,,,,,,,,,,,,,,,,,,,,,,,,,,,,,,,,,,,,,,,,,,,,,,,,,,,,,,,,,,,,,,,,,,,,,,,,,,,,,,,,,,,,,,,,,,,,,1.6656181812286377,,,,-6.091806411743164,,,,,,,,,,,,,
,,,,,,,,,,,,,,,,,285.9983936655282,,,,,,,,,,,,0.9845486879348755,,,,,,,,,,,,,,,,,,,,,,,,,,,160000,,,,,,,,,,,,160000,,,,,,,,,,,,,,,,,,2.3996996879577637,,,,,,,,,,,,,,,,,,,,,,,,,,,,,,,,,,,,,,,,,,,,,,,,,,,,,,,,,,,,,,,,,,,,,,,,,,,,,,,,,,,,,,,,,,,,,,,,,,,,,,,,,,,,,,,,2.372497320175171,,,,-6.267833709716797,,,,,,,,,,,,,
,,,,,,,,,,,,,,,,,280.2172199162227,,,,,,,,,,,,0.9840602874755859,,,,,,,,,,,,,,,,,,,,,,,,,,,165000,,,,,,,,,,,,165000,,,,,,,,,,,,,,,,,,1.9257551431655884,,,,,,,,,,,,,,,,,,,,,,,,,,,,,,,,,,,,,,,,,,,,,,,,,,,,,,,,,,,,,,,,,,,,,,,,,,,,,,,,,,,,,,,,,,,,,,,,,,,,,,,,,,,,,,,,1.9774945974349976,,,,-6.398617744445801,,,,,,,,,,,,,
,,,,,,,,,,,,,,,,,270.2787020422149,,,,,,,,,,,,0.9835721254348755,,,,,,,,,,,,,,,,,,,,,,,,,,,170000,,,,,,,,,,,,170000,,,,,,,,,,,,,,,,,,1.6525030136108398,,,,,,,,,,,,,,,,,,,,,,,,,,,,,,,,,,,,,,,,,,,,,,,,,,,,,,,,,,,,,,,,,,,,,,,,,,,,,,,,,,,,,,,,,,,,,,,,,,,,,,,,,,,,,,,,1.7205873727798462,,,,-6.532660007476807,,,,,,,,,,,,,
,,,,,,,,,,,,,,,,,268.7474203364897,,,,,,,,,,,,0.9830843806266785,,,,,,,,,,,,,,,,,,,,,,,,,,,175000,,,,,,,,,,,,175000,,,,,,,,,,,,,,,,,,2.408409595489502,,,,,,,,,,,,,,,,,,,,,,,,,,,,,,,,,,,,,,,,,,,,,,,,,,,,,,,,,,,,,,,,,,,,,,,,,,,,,,,,,,,,,,,,,,,,,,,,,,,,,,,,,,,,,,,,2.40061092376709,,,,-6.533757209777832,,,,,,,,,,,,,
,,,,,,,,,,,,,,,,,252.27998350800328,,,,,,,,,,,,0.9825969934463501,,,,,,,,,,,,,,,,,,,,,,,,,,,180000,,,,,,,,,,,,180000,,,,,,,,,,,,,,,,,,2.3677313327789307,,,,,,,,,,,,,,,,,,,,,,,,,,,,,,,,,,,,,,,,,,,,,,,,,,,,,,,,,,,,,,,,,,,,,,,,,,,,,,,,,,,,,,,,,,,,,,,,,,,,,,,,,,,,,,,,2.3328325748443604,,,,-6.58046817779541,,,,,,,,,,,,,
,,,,,,,,,,,,,,,,,235.8395731485685,,,,,,,,,,,,0.9821096658706665,,,,,,,,,,,,,,,,,,,,,,,,,,,185000,,,,,,,,,,,,185000,,,,,,,,,,,,,,,,,,1.9082286357879639,,,,,,,,,,,,,,,,,,,,,,,,,,,,,,,,,,,,,,,,,,,,,,,,,,,,,,,,,,,,,,,,,,,,,,,,,,,,,,,,,,,,,,,,,,,,,,,,,,,,,,,,,,,,,,,,1.8150192499160767,,,,-6.581402778625488,,,,,,,,,,,,,
,,,,,,,,,,,,,,,,,233.3557809265903,,,,,,,,,,,,0.9816225171089172,,,,,,,,,,,,,,,,,,,,,,,,,,,190000,,,,,,,,,,,,190000,,,,,,,,,,,,,,,,,,2.237891674041748,,,,,,,,,,,,,,,,,,,,,,,,,,,,,,,,,,,,,,,,,,,,,,,,,,,,,,,,,,,,,,,,,,,,,,,,,,,,,,,,,,,,,,,,,,,,,,,,,,,,,,,,,,,,,,,,2.088705539703369,,,,-6.508406162261963,,,,,,,,,,,,,
,,,,,,,,,,,,,,,,,230.8889392153953,,,,,,,,,,,,0.9811354875564575,,,,,,,,,,,,,,,,,,,,,,,,,,,195000,,,,,,,,,,,,195000,,,,,,,,,,,,,,,,,,2.440342426300049,,,,,,,,,,,,,,,,,,,,,,,,,,,,,,,,,,,,,,,,,,,,,,,,,,,,,,,,,,,,,,,,,,,,,,,,,,,,,,,,,,,,,,,,,,,,,,,,,,,,,,,,,,,,,,,,2.2604191303253174,,,,-6.470245361328125,,,,,,,,,,,,,
,,,,,,,,,,,,,,,,,230.35373814009253,,,,,,,,,,,,0.9806488752365112,,,,,,,,,,,,,,,,,,,,,,,,,,,200000,,,,,,,,,,,,200000,,,,,,,,,,,,,,,,,,2.092910051345825,,,,,,,,,,,,,,,,,,,,,,,,,,,,,,,,,,,,,,,,,,,,,,,,,,,,,,,,,,,,,,,,,,,,,,,,,,,,,,,,,,,,,,,,,,,,,,,,,,,,,,,,,,,,,,,,1.9117202758789062,,,,-6.34091854095459,,,,,,,,,,,,,
,,,,,,,,,,,,,,,,,229.57241925886143,,,,,,,,,,,,0.9801624417304993,,,,,,,,,,,,,,,,,,,,,,,,,,,205000,,,,,,,,,,,,205000,,,,,,,,,,,,,,,,,,1.8005001544952393,,,,,,,,,,,,,,,,,,,,,,,,,,,,,,,,,,,,,,,,,,,,,,,,,,,,,,,,,,,,,,,,,,,,,,,,,,,,,,,,,,,,,,,,,,,,,,,,,,,,,,,,,,,,,,,,1.6258506774902344,,,,-6.286838531494141,,,,,,,,,,,,,
,,,,,,,,,,,,,,,,,227.259132177856,,,,,,,,,,,,0.9796762466430664,,,,,,,,,,,,,,,,,,,,,,,,,,,210000,,,,,,,,,,,,210000,,,,,,,,,,,,,,,,,,1.2754369974136353,,,,,,,,,,,,,,,,,,,,,,,,,,,,,,,,,,,,,,,,,,,,,,,,,,,,,,,,,,,,,,,,,,,,,,,,,,,,,,,,,,,,,,,,,,,,,,,,,,,,,,,,,,,,,,,,1.136041283607483,,,,-6.16859769821167,,,,,,,,,,,,,
,,,,,,,,,,,,,,,,,223.8230694142421,,,,,,,,,,,,0.9791902303695679,,,,,,,,,,,,,,,,,,,,,,,,,,,215000,,,,,,,,,,,,215000,,,,,,,,,,,,,,,,,,1.5956628322601318,,,,,,,,,,,,,,,,,,,,,,,,,,,,,,,,,,,,,,,,,,,,,,,,,,,,,,,,,,,,,,,,,,,,,,,,,,,,,,,,,,,,,,,,,,,,,,,,,,,,,,,,,,,,,,,,1.475023865699768,,,,-6.07432222366333,,,,,,,,,,,,,
,,,,,,,,,,,,,,,,,224.98230319075054,,,,,,,,,,,,0.9787043333053589,,,,,,,,,,,,,,,,,,,,,,,,,,,220000,,,,,,,,,,,,220000,,,,,,,,,,,,,,,,,,1.907318353652954,,,,,,,,,,,,,,,,,,,,,,,,,,,,,,,,,,,,,,,,,,,,,,,,,,,,,,,,,,,,,,,,,,,,,,,,,,,,,,,,,,,,,,,,,,,,,,,,,,,,,,,,,,,,,,,,1.8077776432037354,,,,-5.991568565368652,,,,,,,,,,,,,
,,,,,,,,,,,,,,,,,223.44869026098937,,,,,,,,,,,,0.9782188534736633,,,,,,,,,,,,,,,,,,,,,,,,,,,225000,,,,,,,,,,,,225000,,,,,,,,,,,,,,,,,,1.5663599967956543,,,,,,,,,,,,,,,,,,,,,,,,,,,,,,,,,,,,,,,,,,,,,,,,,,,,,,,,,,,,,,,,,,,,,,,,,,,,,,,,,,,,,,,,,,,,,,,,,,,,,,,,,,,,,,,,1.478065013885498,,,,-5.942960262298584,,,,,,,,,,,,,
,,,,,,,,,,,,,,,,,239.88270785821933,,,,,,,,,,,,0.977733314037323,,,,,,,,,,,,,,,,,,,,,,,,,,,230000,,,,,,,,,,,,230000,,,,,,,,,,,,,,,,,,1.5267932415008545,,,,,,,,,,,,,,,,,,,,,,,,,,,,,,,,,,,,,,,,,,,,,,,,,,,,,,,,,,,,,,,,,,,,,,,,,,,,,,,,,,,,,,,,,,,,,,,,,,,,,,,,,,,,,,,,1.4526476860046387,,,,-5.8736572265625,,,,,,,,,,,,,
,,,,,,,,,,,,,,,,,239.19876487541706,,,,,,,,,,,,0.9772480130195618,,,,,,,,,,,,,,,,,,,,,,,,,,,235000,,,,,,,,,,,,235000,,,,,,,,,,,,,,,,,,1.4495384693145752,,,,,,,,,,,,,,,,,,,,,,,,,,,,,,,,,,,,,,,,,,,,,,,,,,,,,,,,,,,,,,,,,,,,,,,,,,,,,,,,,,,,,,,,,,,,,,,,,,,,,,,,,,,,,,,,1.397428274154663,,,,-5.811228275299072,,,,,,,,,,,,,
,,,,,,,,,,,,,,,,,240.8382275508512,,,,,,,,,,,,0.9767629504203796,,,,,,,,,,,,,,,,,,,,,,,,,,,240000,,,,,,,,,,,,240000,,,,,,,,,,,,,,,,,,1.642857551574707,,,,,,,,,,,,,,,,,,,,,,,,,,,,,,,,,,,,,,,,,,,,,,,,,,,,,,,,,,,,,,,,,,,,,,,,,,,,,,,,,,,,,,,,,,,,,,,,,,,,,,,,,,,,,,,,1.588856816291809,,,,-5.745063781738281,,,,,,,,,,,,,
,,,,,,,,,,,,,,,,,243.42023636269272,,,,,,,,,,,,0.9762780070304871,,,,,,,,,,,,,,,,,,,,,,,,,,,245000,,,,,,,,,,,,245000,,,,,,,,,,,,,,,,,,1.4634695053100586,,,,,,,,,,,,,,,,,,,,,,,,,,,,,,,,,,,,,,,,,,,,,,,,,,,,,,,,,,,,,,,,,,,,,,,,,,,,,,,,,,,,,,,,,,,,,,,,,,,,,,,,,,,,,,,,1.4120590686798096,,,,-5.711681365966797,,,,,,,,,,,,,
,,,,,,,,,,,,,,,,,243.16104943095942,,,,,,,,,,,,0.9757934808731079,,,,,,,,,,,,,,,,,,,,,,,,,,,250000,,,,,,,,,,,,250000,,,,,,,,,,,,,,,,,,1.8910255432128906,,,,,,,,,,,,,,,,,,,,,,,,,,,,,,,,,,,,,,,,,,,,,,,,,,,,,,,,,,,,,,,,,,,,,,,,,,,,,,,,,,,,,,,,,,,,,,,,,,,,,,,,,,,,,,,,1.832350730895996,,,,-5.6862473487854,,,,,,,,,,,,,
15.318584778152589,0.027944857089660925,827.5810679770115,0.10771174993903013,0.0,0.0,0.5011146909133533,0.0017857778068981975,0.10927960382661724,0.12094431159705765,0.0,0.0,0.02239305048120433,56.79558540761229,0.03659146795813685,0.11086010925182935,58.99395715592859,257.7244450151389,5,0.0,1.0,0.20111979287248727,1.0,836.0022290147797,0.20090085948576278,0.031001059932196085,1.0,5,0.18384126495807734,0.975308895111084,0.11307083453076075,0.026329751676881556,320.89884462156743,0.16393585273070355,1.0,12.748393871943188,0.11042195413122127,5,8.888892251658294,0.0,1.0,51,5,0.005108082358954986,0.1158892302508038,0.001684170278697107,0.1,0.16549792455622633,0.0,0.13190838797776006,0.0,0.05598634364255588,0.0,0.09894997749432943,226.0361998789052,0.0007197799352611166,255000,325.41813087528874,0.1738110693714141,15.255208750342513,310.57408554353816,0.11042195413122127,0.24755715576841716,0.056761776825322775,5,0.06476683937823836,0.02022069656254889,12.750386244554086,255000,1.0,0.054925439278936214,0.13328890369876714,0.025844871793738587,2.4890620205149094,0.16391029432403958,7.726016400057535,0.051488509398234086,0.17366369363403206,0.0458010077698847,0.0,827.4618138013144,0.0,2.4890620205149094,0.1,0.12260949867550783,0.0,1.6768951416015625,0.1735456680072442,4.399643737159176,27.94485708966092,0.00313955748096844,5,0.0,0.11042195413122127,0.0,0.0,0.7669320778752443,0.0,0.03659146795813686,836.0217414281366,0.10353342412651959,0.0999645233124957,2.3879572396710236,5,12.749799547873996,0.03902352125470596,44.90608076791182,51,51,15.239361153003253,0.09160845266587418,0.3644599342343967,5.240287743844787,0.004230652825431714,0.1471576195863762,51,320.91201150252044,0.523381605118587,1.5130983728207175,51,42.48450184287913,7.726016400057535,0.0,0.12194735597683523,0.0,0.0,827.489622781132,0.0,51,226.0371641773939,0.2747325742277286,5,0.13269550403355668,7.726909300861758,51,0.0,8.893102698161721,0.4868601287589953,0.2,0.0,226.04102089867786,0.0,0.4091057044040633,0.0,1.0,7.730480856475533,0.03100779663507333,260.8449929174839,0.24833641840216453,51,0.009497577494899696,0.06476683937823838,0.00028034250304019223,0.3066442812029603,0.0,325.4228802393125,0.0,325.441875394293,51,0.10361012225285947,0.13266206325283175,143.28350142820207,836.099788470643,0.0,5,0.0019283606489995317,0.02623396012122554,0.5012475318042562,0.0,0.0998360127796734,0.054440765873356486,1.3054552642562491,0.0,51,0.13054754744912542,0.5010587616125122,0.0,0.04582475767282919,0.012788870381218287,0.04527764596680007,320.9646710058335,8.889734357604397,0.019233340078858144,0.041405055438269035,0.1,0.031688013959282155,0.13328890369876714,0.0,0.03659146795813686,27.9506957468936,0.023624080313570557,1.0,1.428514021008896,50,5,0.0,0.01640174893019051,0.0,1.6220232248306274,27.940542487512936,51,0.13299355166467602,-5.6550726890563965,2.009235403406205,0.0,0.7,0.13328890369876717,0.0,0.06476683937823838,1.2049873898199377,0.5707772357005273,1.0,836.099788470643,132.53376072999146,0.0027775198437073284,0.7708926211349587
,,,,,,,,,,,,,,,,,258.4889692474812,,,,,,,,,,,,0.9748247265815735,,,,,,,,,,,,,,,,,,,,,,,,,,,260000,,,,,,,,,,,,260000,,,,,,,,,,,,,,,,,,1.8236141204833984,,,,,,,,,,,,,,,,,,,,,,,,,,,,,,,,,,,,,,,,,,,,,,,,,,,,,,,,,,,,,,,,,,,,,,,,,,,,,,,,,,,,,,,,,,,,,,,,,,,,,,,,,,,,,,,,1.7537548542022705,,,,-5.647488594055176,,,,,,,,,,,,,
,,,,,,,,,,,,,,,,,262.7535612996177,,,,,,,,,,,,0.9743409156799316,,,,,,,,,,,,,,,,,,,,,,,,,,,265000,,,,,,,,,,,,265000,,,,,,,,,,,,,,,,,,1.9039506912231445,,,,,,,,,,,,,,,,,,,,,,,,,,,,,,,,,,,,,,,,,,,,,,,,,,,,,,,,,,,,,,,,,,,,,,,,,,,,,,,,,,,,,,,,,,,,,,,,,,,,,,,,,,,,,,,,1.842451810836792,,,,-5.644448757171631,,,,,,,,,,,,,
,,,,,,,,,,,,,,,,,268.86404688274826,,,,,,,,,,,,0.9738571047782898,,,,,,,,,,,,,,,,,,,,,,,,,,,270000,,,,,,,,,,,,270000,,,,,,,,,,,,,,,,,,1.4534357786178589,,,,,,,,,,,,,,,,,,,,,,,,,,,,,,,,,,,,,,,,,,,,,,,,,,,,,,,,,,,,,,,,,,,,,,,,,,,,,,,,,,,,,,,,,,,,,,,,,,,,,,,,,,,,,,,,1.3908833265304565,,,,-5.6688385009765625,,,,,,,,,,,,,
,,,,,,,,,,,,,,,,,267.47494683744475,,,,,,,,,,,,0.9733737111091614,,,,,,,,,,,,,,,,,,,,,,,,,,,275000,,,,,,,,,,,,275000,,,,,,,,,,,,,,,,,,2.182208299636841,,,,,,,,,,,,,,,,,,,,,,,,,,,,,,,,,,,,,,,,,,,,,,,,,,,,,,,,,,,,,,,,,,,,,,,,,,,,,,,,,,,,,,,,,,,,,,,,,,,,,,,,,,,,,,,,2.0983517169952393,,,,-5.6957197189331055,,,,,,,,,,,,,
,,,,,,,,,,,,,,,,,272.05144312260086,,,,,,,,,,,,0.9728902578353882,,,,,,,,,,,,,,,,,,,,,,,,,,,280000,,,,,,,,,,,,280000,,,,,,,,,,,,,,,,,,1.4097826480865479,,,,,,,,,,,,,,,,,,,,,,,,,,,,,,,,,,,,,,,,,,,,,,,,,,,,,,,,,,,,,,,,,,,,,,,,,,,,,,,,,,,,,,,,,,,,,,,,,,,,,,,,,,,,,,,,1.348751187324524,,,,-5.730126857757568,,,,,,,,,,,,,
,,,,,,,,,,,,,,,,,286.2246137940232,,,,,,,,,,,,0.9724070429801941,,,,,,,,,,,,,,,,,,,,,,,,,,,285000,,,,,,,,,,,,285000,,,,,,,,,,,,,,,,,,1.266103744506836,,,,,,,,,,,,,,,,,,,,,,,,,,,,,,,,,,,,,,,,,,,,,,,,,,,,,,,,,,,,,,,,,,,,,,,,,,,,,,,,,,,,,,,,,,,,,,,,,,,,,,,,,,,,,,,,1.209099531173706,,,,-5.759720802307129,,,,,,,,,,,,,
,,,,,,,,,,,,,,,,,286.03751954454145,,,,,,,,,,,,0.9719239473342896,,,,,,,,,,,,,,,,,,,,,,,,,,,290000,,,,,,,,,,,,290000,,,,,,,,,,,,,,,,,,1.6669235229492188,,,,,,,,,,,,,,,,,,,,,,,,,,,,,,,,,,,,,,,,,,,,,,,,,,,,,,,,,,,,,,,,,,,,,,,,,,,,,,,,,,,,,,,,,,,,,,,,,,,,,,,,,,,,,,,,1.5964508056640625,,,,-5.815258026123047,,,,,,,,,,,,,
,,,,,,,,,,,,,,,,,298.8819371868742,,,,,,,,,,,,0.9714410901069641,,,,,,,,,,,,,,,,,,,,,,,,,,,295000,,,,,,,,,,,,295000,,,,,,,,,,,,,,,,,,1.8225969076156616,,,,,,,,,,,,,,,,,,,,,,,,,,,,,,,,,,,,,,,,,,,,,,,,,,,,,,,,,,,,,,,,,,,,,,,,,,,,,,,,,,,,,,,,,,,,,,,,,,,,,,,,,,,,,,,,1.7490758895874023,,,,-5.858704090118408,,,,,,,,,,,,,
,,,,,,,,,,,,,,,,,314.94957777408683,,,,,,,,,,,,0.9709585309028625,,,,,,,,,,,,,,,,,,,,,,,,,,,300000,,,,,,,,,,,,300000,,,,,,,,,,,,,,,,,,1.7155689001083374,,,,,,,,,,,,,,,,,,,,,,,,,,,,,,,,,,,,,,,,,,,,,,,,,,,,,,,,,,,,,,,,,,,,,,,,,,,,,,,,,,,,,,,,,,,,,,,,,,,,,,,,,,,,,,,,1.644850492477417,,,,-5.900618076324463,,,,,,,,,,,,,
,,,,,,,,,,,,,,,,,316.590297312923,,,,,,,,,,,,0.970475971698761,,,,,,,,,,,,,,,,,,,,,,,,,,,305000,,,,,,,,,,,,305000,,,,,,,,,,,,,,,,,,2.1835179328918457,,,,,,,,,,,,,,,,,,,,,,,,,,,,,,,,,,,,,,,,,,,,,,,,,,,,,,,,,,,,,,,,,,,,,,,,,,,,,,,,,,,,,,,,,,,,,,,,,,,,,,,,,,,,,,,,2.0978035926818848,,,,-5.962204933166504,,,,,,,,,,,,,
,,,,,,,,,,,,,,,,,332.4373976202429,,,,,,,,,,,,0.9699937701225281,,,,,,,,,,,,,,,,,,,,,,,,,,,310000,,,,,,,,,,,,310000,,,,,,,,,,,,,,,,,,1.899423599243164,,,,,,,,,,,,,,,,,,,,,,,,,,,,,,,,,,,,,,,,,,,,,,,,,,,,,,,,,,,,,,,,,,,,,,,,,,,,,,,,,,,,,,,,,,,,,,,,,,,,,,,,,,,,,,,,1.8248363733291626,,,,-6.004441738128662,,,,,,,,,,,,,
,,,,,,,,,,,,,,,,,335.878943740825,,,,,,,,,,,,0.969511866569519,,,,,,,,,,,,,,,,,,,,,,,,,,,315000,,,,,,,,,,,,315000,,,,,,,,,,,,,,,,,,1.7600466012954712,,,,,,,,,,,,,,,,,,,,,,,,,,,,,,,,,,,,,,,,,,,,,,,,,,,,,,,,,,,,,,,,,,,,,,,,,,,,,,,,,,,,,,,,,,,,,,,,,,,,,,,,,,,,,,,,1.6939594745635986,,,,-6.0538225173950195,,,,,,,,,,,,,
,,,,,,,,,,,,,,,,,343.474964549034,,,,,,,,,,,,0.9690300822257996,,,,,,,,,,,,,,,,,,,,,,,,,,,320000,,,,,,,,,,,,320000,,,,,,,,,,,,,,,,,,1.4304356575012207,,,,,,,,,,,,,,,,,,,,,,,,,,,,,,,,,,,,,,,,,,,,,,,,,,,,,,,,,,,,,,,,,,,,,,,,,,,,,,,,,,,,,,,,,,,,,,,,,,,,,,,,,,,,,,,,1.3830021619796753,,,,-6.121861457824707,,,,,,,,,,,,,
,,,,,,,,,,,,,,,,,345.68972203795084,,,,,,,,,,,,0.9685484170913696,,,,,,,,,,,,,,,,,,,,,,,,,,,325000,,,,,,,,,,,,325000,,,,,,,,,,,,,,,,,,1.7269141674041748,,,,,,,,,,,,,,,,,,,,,,,,,,,,,,,,,,,,,,,,,,,,,,,,,,,,,,,,,,,,,,,,,,,,,,,,,,,,,,,,,,,,,,,,,,,,,,,,,,,,,,,,,,,,,,,,1.6715593338012695,,,,-6.148885250091553,,,,,,,,,,,,,
,,,,,,,,,,,,,,,,,350.72042306026304,,,,,,,,,,,,0.9680672883987427,,,,,,,,,,,,,,,,,,,,,,,,,,,330000,,,,,,,,,,,,330000,,,,,,,,,,,,,,,,,,2.0258524417877197,,,,,,,,,,,,,,,,,,,,,,,,,,,,,,,,,,,,,,,,,,,,,,,,,,,,,,,,,,,,,,,,,,,,,,,,,,,,,,,,,,,,,,,,,,,,,,,,,,,,,,,,,,,,,,,,1.9629074335098267,,,,-6.185056209564209,,,,,,,,,,,,,
,,,,,,,,,,,,,,,,,365.72339247393205,,,,,,,,,,,,0.9675860404968262,,,,,,,,,,,,,,,,,,,,,,,,,,,335000,,,,,,,,,,,,335000,,,,,,,,,,,,,,,,,,1.8526394367218018,,,,,,,,,,,,,,,,,,,,,,,,,,,,,,,,,,,,,,,,,,,,,,,,,,,,,,,,,,,,,,,,,,,,,,,,,,,,,,,,,,,,,,,,,,,,,,,,,,,,,,,,,,,,,,,,1.7884418964385986,,,,-6.2410478591918945,,,,,,,,,,,,,
,,,,,,,,,,,,,,,,,370.80674992806246,,,,,,,,,,,,0.9671052098274231,,,,,,,,,,,,,,,,,,,,,,,,,,,340000,,,,,,,,,,,,340000,,,,,,,,,,,,,,,,,,1.9094972610473633,,,,,,,,,,,,,,,,,,,,,,,,,,,,,,,,,,,,,,,,,,,,,,,,,,,,,,,,,,,,,,,,,,,,,,,,,,,,,,,,,,,,,,,,,,,,,,,,,,,,,,,,,,,,,,,,1.8464879989624023,,,,-6.271570205688477,,,,,,,,,,,,,
,,,,,,,,,,,,,,,,,375.224402892536,,,,,,,,,,,,0.9666246175765991,,,,,,,,,,,,,,,,,,,,,,,,,,,345000,,,,,,,,,,,,345000,,,,,,,,,,,,,,,,,,1.7762463092803955,,,,,,,,,,,,,,,,,,,,,,,,,,,,,,,,,,,,,,,,,,,,,,,,,,,,,,,,,,,,,,,,,,,,,,,,,,,,,,,,,,,,,,,,,,,,,,,,,,,,,,,,,,,,,,,,1.7252708673477173,,,,-6.2905755043029785,,,,,,,,,,,,,
,,,,,,,,,,,,,,,,,377.20512482152736,,,,,,,,,,,,0.9661442637443542,,,,,,,,,,,,,,,,,,,,,,,,,,,350000,,,,,,,,,,,,350000,,,,,,,,,,,,,,,,,,2.2376675605773926,,,,,,,,,,,,,,,,,,,,,,,,,,,,,,,,,,,,,,,,,,,,,,,,,,,,,,,,,,,,,,,,,,,,,,,,,,,,,,,,,,,,,,,,,,,,,,,,,,,,,,,,,,,,,,,,2.1540050506591797,,,,-6.292080879211426,,,,,,,,,,,,,
,,,,,,,,,,,,,,,,,388.61309384775626,,,,,,,,,,,,0.9656640291213989,,,,,,,,,,,,,,,,,,,,,,,,,,,355000,,,,,,,,,,,,355000,,,,,,,,,,,,,,,,,,1.4613231420516968,,,,,,,,,,,,,,,,,,,,,,,,,,,,,,,,,,,,,,,,,,,,,,,,,,,,,,,,,,,,,,,,,,,,,,,,,,,,,,,,,,,,,,,,,,,,,,,,,,,,,,,,,,,,,,,,1.40852952003479,,,,-6.317283630371094,,,,,,,,,,,,,
,,,,,,,,,,,,,,,,,392.7375348228285,,,,,,,,,,,,0.9651840329170227,,,,,,,,,,,,,,,,,,,,,,,,,,,360000,,,,,,,,,,,,360000,,,,,,,,,,,,,,,,,,2.3770432472229004,,,,,,,,,,,,,,,,,,,,,,,,,,,,,,,,,,,,,,,,,,,,,,,,,,,,,,,,,,,,,,,,,,,,,,,,,,,,,,,,,,,,,,,,,,,,,,,,,,,,,,,,,,,,,,,,2.2955281734466553,,,,-6.3110432624816895,,,,,,,,,,,,,
,,,,,,,,,,,,,,,,,395.4189593394865,,,,,,,,,,,,0.9647043347358704,,,,,,,,,,,,,,,,,,,,,,,,,,,365000,,,,,,,,,,,,365000,,,,,,,,,,,,,,,,,,1.814031958580017,,,,,,,,,,,,,,,,,,,,,,,,,,,,,,,,,,,,,,,,,,,,,,,,,,,,,,,,,,,,,,,,,,,,,,,,,,,,,,,,,,,,,,,,,,,,,,,,,,,,,,,,,,,,,,,,1.755043625831604,,,,-6.2977166175842285,,,,,,,,,,,,,
,,,,,,,,,,,,,,,,,384.0563046474986,,,,,,,,,,,,0.9642249941825867,,,,,,,,,,,,,,,,,,,,,,,,,,,370000,,,,,,,,,,,,370000,,,,,,,,,,,,,,,,,,1.5545353889465332,,,,,,,,,,,,,,,,,,,,,,,,,,,,,,,,,,,,,,,,,,,,,,,,,,,,,,,,,,,,,,,,,,,,,,,,,,,,,,,,,,,,,,,,,,,,,,,,,,,,,,,,,,,,,,,,1.5108587741851807,,,,-6.299479007720947,,,,,,,,,,,,,
,,,,,,,,,,,,,,,,,386.8073025697518,,,,,,,,,,,,0.9637457728385925,,,,,,,,,,,,,,,,,,,,,,,,,,,375000,,,,,,,,,,,,375000,,,,,,,,,,,,,,,,,,2.0612456798553467,,,,,,,,,,,,,,,,,,,,,,,,,,,,,,,,,,,,,,,,,,,,,,,,,,,,,,,,,,,,,,,,,,,,,,,,,,,,,,,,,,,,,,,,,,,,,,,,,,,,,,,,,,,,,,,,1.9915145635604858,,,,-6.27738094329834,,,,,,,,,,,,,
22.932952967284173,0.02555746656585973,715.6575433759485,0.10764927658428827,0.0,0.0,0.5068066920787097,0.0002689227291661451,0.11188955421513072,0.16941534828892127,0.0,0.0,0.02242313035947474,55.711130523961494,0.03659146795813685,0.0965674523054629,61.520349136520586,372.6418289653749,5,0.0,1.0,0.18321713441263468,1.0,791.231573919982,0.14843494857579193,0.03995868231799687,1.0,5,0.165095167877216,0.9632669687271118,0.11524463957240975,0.004820518524172731,389.97463759721006,0.10798971725042086,1.0,15.419563965385448,0.11042195413122127,5,9.209663001308927,0.0,1.0,76,5,0.009637097373914284,0.1044120107615292,0.00010642324071167098,0.1,0.14312960631183322,0.0,0.10618661913940441,0.0,0.05598634364255588,0.0,0.09855793813324325,209.56288982046746,0.0005214099051356272,380000,311.196956114386,0.17381124171551357,22.932026459057077,277.8548517192095,0.11042195413122127,0.19806464472982144,0.06351900920566828,5,0.06476683937823836,0.02230823590516941,15.420936729561944,380000,1.0,0.054925439278936214,0.13328890369876714,0.0274797229049765,2.117587720139807,0.14486324195571304,97.98258014209826,0.08913064169825752,0.17365981314162865,0.026786737727974675,0.0,715.6219107745704,0.0,2.117587720139807,0.1,0.1255056191513316,0.0,1.4242149591445923,0.1735461908872804,7.608042512885217,25.557466565859738,0.0048039232696601595,5,0.0,0.11042195413122127,0.0,0.0,0.7118025408594131,0.0,0.03659146795813686,791.2650952785044,0.08786917887053694,0.09995691727086409,2.4974314823265047,5,15.420053640220434,0.01676067926169321,45.50472851833214,76,76,22.93179481345158,0.05357370545684313,0.29021967167314183,5.263816937554374,0.0006099670543535441,0.14288951548621576,76,389.97704805869654,0.5222923372531945,1.4705251167331173,76,41.310642879912464,9.209663001308927,0.0,0.1961511449591969,0.0,0.0,715.6480315591659,0.0,76,209.56392588420584,0.2934542199117399,5,0.13269616996362443,97.9831179875124,76,0.0,9.20992906730716,0.42193900258890327,0.2,0.0,209.564184968202,0.0,0.409093011467841,0.0,1.0,97.98325265995395,0.03620260280485806,258.8753753287287,0.2881956703084697,76,0.0006309581798577234,0.06476683937823838,0.00020132402116614022,0.3067694493639159,0.0,311.19727163323853,0.0,311.1985335495922,76,0.1035865957177078,0.13266206325283145,136.25309839424833,791.2734756972915,0.0,5,0.0005180318703807638,0.026268929638761773,0.5073507378809154,0.0,0.09971087285163334,0.054440765873356486,1.3043368858021416,0.0,76,0.13043689914561285,0.5066009609028697,0.0,0.013399348379892848,0.01282296019779054,0.04634285187664917,389.98668909572456,9.209716220825893,0.23508010425480624,0.04488566264176329,0.1,0.0004632541144380265,0.13328890369876714,0.0,0.03659146795813686,25.55794229338634,0.023297054199225183,1.0,12.38274903710386,50,5,0.0,0.016458941583890812,0.0,1.3791331052780151,25.556274413907342,76,0.13299355166467602,-6.261742115020752,1.4843777496016017,0.0,0.7,0.13328890369876717,0.0,0.06476683937823838,1.2046802933787626,0.5724810132441478,1.0,791.2734756972915,131.02949916207544,0.0020085547731514613,1.1153759580790465
,,,,,,,,,,,,,,,,,389.76409943955986,,,,,,,,,,,,0.9627882838249207,,,,,,,,,,,,,,,,,,,,,,,,,,,385000,,,,,,,,,,,,385000,,,,,,,,,,,,,,,,,,1.3843283653259277,,,,,,,,,,,,,,,,,,,,,,,,,,,,,,,,,,,,,,,,,,,,,,,,,,,,,,,,,,,,,,,,,,,,,,,,,,,,,,,,,,,,,,,,,,,,,,,,,,,,,,,,,,,,,,,,1.343815565109253,,,,-6.233979225158691,,,,,,,,,,,,,
,,,,,,,,,,,,,,,,,405.2774387544204,,,,,,,,,,,,0.9623099565505981,,,,,,,,,,,,,,,,,,,,,,,,,,,390000,,,,,,,,,,,,390000,,,,,,,,,,,,,,,,,,1.4854042530059814,,,,,,,,,,,,,,,,,,,,,,,,,,,,,,,,,,,,,,,,,,,,,,,,,,,,,,,,,,,,,,,,,,,,,,,,,,,,,,,,,,,,,,,,,,,,,,,,,,,,,,,,,,,,,,,,1.448871374130249,,,,-6.2092390060424805,,,,,,,,,,,,,
,,,,,,,,,,,,,,,,,403.0898007372672,,,,,,,,,,,,0.9618316888809204,,,,,,,,,,,,,,,,,,,,,,,,,,,395000,,,,,,,,,,,,395000,,,,,,,,,,,,,,,,,,1.8723735809326172,,,,,,,,,,,,,,,,,,,,,,,,,,,,,,,,,,,,,,,,,,,,,,,,,,,,,,,,,,,,,,,,,,,,,,,,,,,,,,,,,,,,,,,,,,,,,,,,,,,,,,,,,,,,,,,,1.8112179040908813,,,,-6.218842506408691,,,,,,,,,,,,,
,,,,,,,,,,,,,,,,,406.1351932556632,,,,,,,,,,,,0.9613534808158875,,,,,,,,,,,,,,,,,,,,,,,,,,,400000,,,,,,,,,,,,400000,,,,,,,,,,,,,,,,,,1.8239864110946655,,,,,,,,,,,,,,,,,,,,,,,,,,,,,,,,,,,,,,,,,,,,,,,,,,,,,,,,,,,,,,,,,,,,,,,,,,,,,,,,,,,,,,,,,,,,,,,,,,,,,,,,,,,,,,,,1.772076964378357,,,,-6.210648059844971,,,,,,,,,,,,,
,,,,,,,,,,,,,,,,,392.316870387469,,,,,,,,,,,,0.9608756899833679,,,,,,,,,,,,,,,,,,,,,,,,,,,405000,,,,,,,,,,,,405000,,,,,,,,,,,,,,,,,,1.9263696670532227,,,,,,,,,,,,,,,,,,,,,,,,,,,,,,,,,,,,,,,,,,,,,,,,,,,,,,,,,,,,,,,,,,,,,,,,,,,,,,,,,,,,,,,,,,,,,,,,,,,,,,,,,,,,,,,,1.8684736490249634,,,,-6.189099311828613,,,,,,,,,,,,,
